word,count
non,5
in,5
sit,4
amet,4
pellentesque,4
egestas,4
lorem,3
nulla,3
vel,3
eu,3
magna,3
et,3
sem,3
mattis,3
eget,2
fermentum,2
mauris,2
nunc,2
turpis,2
tempor,2
mollis,2
ut,2
proin,2
tortor,2
tristique,2
felis,2
morbi,2
sed,2
fringilla,2
est,2
tellus,2
pharetra,2
ac,2
dignissim,2
ipsum,1
dolor,1
consectetur,1
adipiscing,1
elit,1
cras,1
enim,1
lectus,1
ullamcorper,1
iaculis,1
ultricies,1
nisl,1
ex,1
porta,1
lobortis,1
id,1
euismod,1
ligula,1
facilisis,1
nec,1
tincidunt,1
donec,1
vulputate,1
augue,1
vehicula,1
ultrices,1
odio,1
praesent,1
venenatis,1
leo,1
ante,1
nisi,1
laoreet,1
rhoncus,1
dui,1
posuere,1
velit,1
sollicitudin,1
quam,1
a,1
accumsan,1
habitant,1
senectus,1
netus,1
malesuada,1
fames,1
scelerisque,1
arcu,1
libero,1
quis,1
eros,1
pretium,1
